管理NO,キーワード
eaadc7fb-f852-405e-880a-6d50f7ab2e63,Canon 複合機 通信 消灯 HUB 河村
4b9d9228-8f4b-4696-a095-73394d4b1aac,ネットワーク デバイス壊れた
3f50bd58-e28c-4a88-bc44-a95bb3bf5900,Winshots 設定 切り取り 保存
5694fce4-b4c6-46b7-a3c0-54b45e4b486f,出社打刻 保育園 年休申請
d258495b-b8b4-442f-8407-de5117586317,ai21 EUC 抜出パターン 設定
372559c4-9a3b-4ac1-bc06-444be26e2f79,K21 PC 電源
29eaec85-91ef-4647-9a62-cab37cb2612c,代表機 ai21 エラー
50996d68-f596-4a37-b576-fd20a0f3df44,GTS端末 プライマリドメイン 信頼関係
651ddd47-d7a8-47f0-a2e7-2f7614320141,ノートPC キーボード 破損 修理
9fc7e7a7-c737-4763-a609-7b7491dc9cf1,店長機 PAL エラー
b8ce291c-0c10-4bf6-8b6b-9be954a0ff44,PC ページ Windowsログイン
be6ef47a-ea77-4229-9fa6-4c8b8acdab61,Gメール 怪しいメール
d4e49223-7727-48f5-9401-a5a602073e1d,DriveReport 開く
8c176c99-7cec-4738-9da0-f3b3f7b6168d,スタッフ 事故 休み 特別申請
3cdcade9-e179-4adb-907c-596c37025019,アクセスSYS エラーメッセージ
028644d7-fb4a-4a2e-a76e-628baa4b841b,PAL 商談メモ JAF ボタン
8496e76f-eeac-4aa8-99ec-7e08014b66e8,携帯プリンタ 修理依頼
ed2ac88d-9806-4e90-8879-ed68af8cb263,固定電話 着信通知 社用スマホ
dae9a3df-ae73-432a-852d-74fc1df96355,印刷指示 出てこない
4c37c049-0ec7-490a-ac82-fadb783bb286,Gメール 宛先 グループアドレス
c0b47406-bf72-41eb-a206-95fb469628eb,SnippingTool 貼り付け
cf8041ef-44ad-4d9f-9425-5b3a02648a5a,レンタ本社 NEO 開かない
5c738dd5-5ff0-4c3e-a11e-c75c1d29b383,固定代表電話 時刻表示 修正
f0abfa59-5f1b-40f7-9db4-9c39fece1d6b,PDF 閉じれない
3f6d955f-ec65-4d1c-816a-ea614ad4330d,武豊店 担当変更依頼
6cb753e4-caaf-4fe5-8791-8007709572fe,ai21 損保情報照会 エラーメッセージ
cdb0e418-8ca3-413f-bd12-0dbb4a51911e,Excelファイル 編集後 保存
8487472d-91f1-4d0b-a653-e42fbeac64bc,端末 修理 キーボード
1e77957f-b2f1-4142-8924-2af6eeb60092,iPhone テザリング リモートアクセス
6de52334-d12a-40de-ad2b-6de930103875,タブレット キーボード 修理
c6441344-0f05-46a5-94d2-2c8fe9cb1ebe,PAL 新車商談一覧 エラーメッセージ
ea265b9c-6ee8-402c-b904-c953d098fb08,UMI販売店連携 価格 自動予測
3768aa22-942e-4f20-88f5-725cb45a854b,割賦未完済車両 エラー
69dc0494-41bb-4634-aae5-d8a0bb61aea4,PAL『ご契約内容確認画面』より『UC注文書』を印刷時にプリンタに反応しない 印刷ジョブが溜まり、削除後正常に印刷可能に 
ea5c06ab-2f22-43f8-b1f4-624b709edaf0,社用携帯のサテロクアプリでエラーメッセージ表示 F5Access設定に問題があり、証明書設定を修正し再接続 
a4fe03d8-9ee8-4834-97e3-d78554ab3118,落として電源入らなくなった 修理依頼 
aa6957c9-8d26-44f5-8fea-7ee6236388ed,PAL『新車注文書』印刷エラー プリンタ設定確認後印刷成功 
287dc1b7-e414-467d-9df8-4111583f574c,SMB画面が開かない IEモード設定で解消 
545cbac3-3150-4e70-89b1-10ed26263db0,COMPANY『勤務実績の登録・確認』で長期休に変更依頼 所属長に設定を依頼 
22837020-bf83-4429-a601-751c40331cec,Googleやサテロクで文字が表示されない アプリ再インストールで解消 
08794264-7e47-4a51-9fe6-65e7a33f9343,休日を出勤に変更したい 上長に日次確定取消を依頼 
d10153ee-f1ba-48ac-9f31-8824e81494e8,壊れたPCの代わりが来た ソフトインストール依頼 
119b97f8-07b6-4d70-961e-52b2af08052b,店舗共有ショートカットが開かない 新しくショートカット作成 
b133faf0-791a-4414-a699-5a855b1f4643,複合機のSCANショートカット作成依頼 作成完了 
1229a895-e646-43de-a75a-4b56b4606489,PALの店長機が動かない 再起動後正常に終了 
3354cc5f-db64-426d-bc92-3b0752a1a1ea,店舗共有のショートカットが動かない 新しくショートカット作成 
d89567ab-6e16-4fb2-83df-b71918adb458,落雷による瞬断後プリンタ印刷できない HUB電源抜き差しで復旧 
5f33e0b9-44e9-427a-9d8b-660a347aef49,印刷できない HUBのコンセント抜けが原因 
803f21bb-9831-465c-9718-a7c4fbf35073,社員クレジットについて販売店業務に問い合わせ 
0c40b9fd-5015-47b1-abbd-1a1554d4c38a,店舗共有のショートカットが動かない 新しくショートカット作成 
aab757ad-77de-42b2-a414-0dc6072ef157,BIGIPインストール依頼 設定を確認後インストール完了 
5df2c9d0-bdcb-4c32-baaf-b965f802566e,出勤時PCの電源入れ方不明 案内を実施 
7f98a81f-09f7-4f0b-90f6-026f568006a3,機器の定着ユニット交換予定 
45a2fd6d-444f-468c-900b-8100396d9374,SMB画面が開かない IEモード設定で解消 
70939dc4-e709-49d6-9c16-23bf722a8c8d,TR153印刷できない 支援ツールから再インストールで解消 
177d3404-5b60-40bb-84c1-c1768538f86a,エスパートproに連携できないエラー バージョン確認後再インストール 
46d3e16d-7073-45b6-b588-66bd96abfd45,出張旅費申請エラー 半角で入力修正 
3d3220f9-2862-427f-bfda-da9bf66f6517,webNOA使用不可 IEモード設定で解消 
6f4ab6af-1986-4c57-9cee-1fa83a16a720,割賦完済状況確認依頼 お客様照会で確認 
e2bc2981-46fd-4edd-a390-f67d3ec4b3c4,リモート用PCの電源点かない 点いていた 
44a62025-418d-4b49-b361-fadf40b05022,時短勤務のスケジュール修正 日次確定申請必要 
6bac423f-5517-49d6-8b97-571a9b97d981,帳票印刷1日1回、印刷が止まる 修理依頼 
1f3ee765-0180-4c09-85e7-087f80c68462,店舗共有ファイル開かない 新ショートカット作成 
db2d4be2-e480-4e1d-93db-cde956d4df5d,PALから損保WEB開けない Adobe Reader再インストールで解消 
842bbb0e-747b-453e-a933-52b338aee1a5,編集保存後に文字が消えた 再度確認で保存できた 
7c6a42b5-83b8-4ec3-ab3b-9efc7e99d199,PC1050E55修理依頼 修理依頼書記載 
6c34f27c-d4de-48b9-a02e-00cc200d8396,Googleカレンダーに積車登録したい チェックボックスにチェック 
2593fbc3-0878-4a9f-8098-facef6f54331,jpgファイルサイズ縮小 ペイントでサイズ変更 
d434fc01-4eb4-454a-8bbf-0802fcaf114b,サテロクでDBエラー お客様名の桁数問題 
17e6cc07-66d3-46d2-aebe-bc8ad8424b0f,PCカメラズーム不具合 様子見で確認 
808b3d55-a0a4-408f-992a-354ca3b8be0a,打刻乖離エラー 上長に日次確定取消依頼 
ef28a811-434f-4278-958b-8c2bf2868894,F5証明書インストールエラー 依頼をお願い 
735e6aa7-be21-4a5f-ada9-617e0bf437c4,パスワードロック解除方法案内 
80e3120c-fdef-4ab1-bfb0-a24fb273c0ab,ATSCパスワードリセット依頼 
27b1bebf-7d7a-4c9a-b1e7-8043d0ebc5cf,ロック解除依頼 パスワードリセット 
2c2cc76e-e64a-4172-85d2-a199ae867cf3,PC画面真っ暗 電源入れるよう案内 
39ff4e53-7c47-4bdb-b82d-edf8a137e2d4,休暇変更方法案内 
82354bb1-daa9-4be7-81a7-0775a3d19a52,退社打刻エラー 再打刻案内 
11d8800e-5593-441c-8bf0-c7dbee2392e0,COMPANY確認 問題なし 
09a0ccbc-59ff-42b8-99d1-7c3c6cfc4cb7,休暇申請エラー 取消申請案内 
01982781-62ab-4d79-91ed-1f289454e162,PC電源点かない リセット方法案内 
7a46918f-b378-4fb3-9cd6-fe19a8ba9a9f,Gメールタスクバー置き方案内 
